1001467.jpg,286,600
1001488.jpg,247,600
1003724.jpg,274,600
1007455.jpg,524,600
1009178.jpg,421,600
1009182.jpg,421,600
1009665.jpg,422,600
1009667.jpg,422,600
10111.jpg,300,600
1013132.jpg,433,600
1013820.jpg,429,600
1016124.jpg,423,600
1018104.jpg,424,600
10213.jpg,585,600
1023065.jpg,425,600
1025179.jpg,448,600
1025744.jpg,424,600
1029172.jpg,508,600
10361.jpg,640,574
1036519.jpg,424,600
1036987.jpg,532,600
1037173.jpg,410,600
1039542.jpg,421,600
1040808.jpg,486,600
1042141.jpg,237,600
1042544.jpg,450,600
1043263.jpg,424,600
1043358.jpg,800,562
1043976.jpg,600,600
1046000.jpg,378,600
1047001.jpg,425,600
1047585.jpg,406,600
1048141.jpg,445,600
1051938.jpg,436,600
1053180.jpg,424,600
1055097.jpg,409,600
1057023.jpg,525,600
1058374.jpg,424,600
1059103.jpg,800,534
1059428.jpg,600,600
1060050.jpg,413,600
1060053.jpg,413,600
1060055.jpg,413,600
1064598.jpg,451,600
1064664.jpg,424,600
1064835.jpg,410,600
1065511.jpg,213,600
1065570.jpg,419,600
1066330.jpg,600,600
10677.jpg,277,600
1068333.jpg,446,600
1068895.jpg,426,600
1068942.jpg,331,600
1070308.jpg,232,600
1072333.jpg,772,600
1072505.jpg,441,600
1073415.jpg,398,600
107342.jpg,800,576
1073636.jpg,425,600
1073638.jpg,423,600
1074006.jpg,425,600
1075356.jpg,425,600
10754.jpg,540,600
1075716.jpg,487,600
1076035.jpg,347,600
1077121.jpg,800,594
1078546.jpg,418,600
1078852.jpg,425,600
1079807.jpg,551,600
1080877.jpg,293,600
1084269.jpg,605,600
1084280.jpg,397,600
1084295.jpg,799,600
1084296.jpg,395,600
1084297.jpg,403,600
1084298.jpg,363,600
1084303.jpg,479,600
1084304.jpg,663,600
1084306.jpg,525,600
1086895.jpg,404,600
108742.jpg,560,536
1089084.jpg,343,600
1091903.jpg,570,600
1093981.jpg,600,600
1094120.jpg,429,600
1094613.jpg,424,600
1094724.jpg,479,600
1095341.jpg,414,600
1095380.jpg,382,600
1096444.jpg,416,600
1096446.jpg,595,600
10966.jpg,646,600
1098208.jpg,425,600
1098646.jpg,627,600
1101011.jpg,405,600
1101024.jpg,424,600
1101661.jpg,600,600
1102909.jpg,442,600
1103098.jpg,761,600
1103618.jpg,450,600
1104079.jpg,600,600
1104192.jpg,329,600
1104842.jpg,600,600
1104843.jpg,400,600
1104845.jpg,640,600
1105121.jpg,506,600
1107252.jpg,425,600
1107964.jpg,358,600
1121337.jpg,440,600
112174.jpg,538,600
1125006.jpg,500,600
1128248.jpg,428,600
1139275.jpg,612,600
1141403.jpg,425,600
1142959.jpg,428,600
1146242.jpg,495,600
1146331.jpg,600,600
1148539.jpg,424,600
1149571.jpg,284,600
1149941.jpg,600,600
1150377.jpg,424,600
1150717.jpg,800,571
1150918.jpg,424,600
1151535.jpg,415,600
1153580.jpg,600,600
1154135.jpg,600,600
1154141.jpg,425,600
1154359.jpg,425,600
1154410.jpg,424,600
1154776.jpg,554,600
1154819.jpg,424,600
1154832.jpg,407,600
1154910.jpg,424,600
1154928.jpg,750,600
1154939.jpg,421,600
1154974.jpg,482,600
1155002.jpg,457,600
1155080.jpg,419,600
1155172.jpg,297,600
1155350.jpg,407,600
1155534.jpg,338,600
1157574.jpg,450,600
1160462.jpg,455,600
1160705.jpg,675,600
1162143.jpg,300,600
1162341.jpg,414,600
1162525.jpg,450,600
1163921.jpg,474,600
1163939.jpg,429,600
1164056.jpg,320,600
1164219.jpg,438,600
1164861.jpg,311,600
1164942.jpg,435,600
1166001.jpg,380,600
1168922.jpg,300,600
1169687.jpg,424,600
117070.jpg,407,600
1199541.jpg,423,600
1200900.jpg,424,600
1201187.jpg,441,600
1201191.jpg,630,600
1213146.jpg,478,600
1213457.jpg,439,600
121413.jpg,427,600
1216535.jpg,457,600
1217202.jpg,608,600
1219314.jpg,405,600
122236.jpg,800,600
1223924.jpg,439,600
1223990.jpg,332,600
1224011.jpg,429,600
1227701.jpg,422,600
1228430.jpg,413,600
1228677.jpg,365,600
1229924.jpg,424,600
1230084.jpg,424,600
1230342.jpg,363,591
123053.jpg,337,570
1231971.jpg,386,600
1232379.jpg,442,600
1232382.jpg,355,600
1233843.jpg,800,566
1235400.jpg,388,600
1235433.jpg,362,500
1236210.jpg,450,600
1236464.jpg,375,600
1237032.jpg,590,600
1237663.jpg,522,600
1239085.jpg,437,600
1239558.jpg,400,600
1240529.jpg,624,600
1240532.jpg,568,600
1240559.jpg,321,600
1241134.jpg,467,600
1241648.jpg,565,600
1241824.jpg,419,600
1242373.jpg,720,600
1242706.jpg,262,500
1243648.jpg,600,600
1244155.jpg,417,600
1244158.jpg,372,600
1244165.jpg,386,600
1248954.jpg,480,600
1249065.jpg,424,600
125194.jpg,350,600
1252001.jpg,526,600
1252263.jpg,680,600
1253413.jpg,371,600
1253913.jpg,600,600
1254029.jpg,400,600
1254033.jpg,400,600
1262913.jpg,597,600
1264929.jpg,383,600
1265945.jpg,423,600
1265986.jpg,451,600
1266661.jpg,397,600
1267164.jpg,480,600
1268204.jpg,368,600
1268208.jpg,674,600
1268209.jpg,364,500
1268355.jpg,800,600
1271327.jpg,450,600
1271344.jpg,424,600
1272352.jpg,482,600
1272658.jpg,514,600
1272825.jpg,474,600
1273399.jpg,472,600
1275838.jpg,400,600
1275885.jpg,600,600
1276488.jpg,439,600
1276575.jpg,422,600
1276859.jpg,581,567
1277789.jpg,278,600
1278846.jpg,474,600
1280052.jpg,509,600
1281115.jpg,458,600
1281920.jpg,427,600
1282036.jpg,600,594
1282940.jpg,273,600
1283439.jpg,423,600
1284175.jpg,404,600
12843.jpg,465,600
1285373.jpg,600,600
1285377.jpg,543,600
1286429.jpg,617,600
1287095.jpg,300,600
1287984.jpg,600,600
1287987.jpg,414,600
1288026.jpg,388,600
1288562.jpg,600,600
1288809.jpg,799,600
1289179.jpg,420,600
1289207.jpg,308,600
1291341.jpg,425,600
1292446.jpg,429,600
1292447.jpg,656,600
1292901.jpg,562,600
1293117.jpg,424,600
1296284.jpg,425,600
1297131.jpg,425,600
1297163.jpg,440,600
1298530.jpg,395,600
1298556.jpg,425,600
1298592.jpg,653,540
1300825.jpg,425,600
1303337.jpg,472,600
1303813.jpg,400,600
1304201.jpg,427,600
130467.jpg,597,600
1305361.jpg,335,600
130554.jpg,509,600
1305777.jpg,424,600
1306758.jpg,445,600
1307354.jpg,428,600
1308504.jpg,763,600
1308568.jpg,708,600
1308613.jpg,473,600
1308617.jpg,395,600
1308643.jpg,451,600
1309327.jpg,501,474
1310590.jpg,424,600
1311326.jpg,503,600
1312147.jpg,800,500
1312468.jpg,444,600
13127.jpg,389,600
1312962.jpg,412,600
1312983.jpg,571,600
1314304.jpg,412,600
1314600.jpg,424,600
1314705.jpg,422,600
1314714.jpg,432,600
1314805.jpg,371,600
1314983.jpg,425,600
1315588.jpg,320,600
1315666.jpg,417,600
1316345.jpg,375,600
1316839.jpg,334,600
13170.jpg,427,600
1318079.jpg,400,600
1318564.jpg,800,546
1320458.jpg,424,600
1320475.jpg,415,600
1320481.jpg,450,600
1320510.jpg,450,600
1320679.jpg,423,600
1320989.jpg,423,600
1322325.jpg,316,600
1322485.jpg,570,600
1324543.jpg,428,600
1324714.jpg,405,600
1325642.jpg,429,600
1325989.jpg,686,600
1327935.jpg,424,600
1328703.jpg,427,600
1329369.jpg,367,600
1330117.jpg,449,600
1330323.jpg,600,600
1330908.jpg,424,600
1331299.jpg,600,592
1332077.jpg,450,600
1332325.jpg,312,600
1332632.jpg,243,600
1332634.jpg,242,600
1333458.jpg,390,600
13339.jpg,597,600
1337223.jpg,600,600
1337816.jpg,500,580
1337836.jpg,405,600
1338461.jpg,515,600
133852.jpg,465,600
1340187.jpg,424,600
1340277.jpg,480,600
1340506.jpg,256,600
1340892.jpg,600,600
1340897.jpg,459,600
1340900.jpg,494,600
1341079.jpg,264,600
1341285.jpg,304,600
1341676.jpg,413,600
1341680.jpg,445,600
1342365.jpg,480,600
134275.jpg,445,600
1343100.jpg,800,563
1343105.jpg,800,565
1344464.jpg,436,600
1344990.jpg,600,600
1345142.jpg,431,600
1346121.jpg,349,600
1346363.jpg,480,600
1346379.jpg,409,600
1346514.jpg,444,600
1346551.jpg,340,600
1346561.jpg,455,600
1346659.jpg,347,600
1346666.jpg,450,600
1346668.jpg,710,600
1346993.jpg,424,600
1347080.jpg,681,600
1348053.jpg,425,600
1348056.jpg,600,570
1348061.jpg,273,600
1348189.jpg,480,600
1348193.jpg,299,600
1350955.jpg,300,600
1351502.jpg,424,600
1351509.jpg,632,600
1352143.jpg,424,600
1352392.jpg,427,600
1352396.jpg,493,600
1352406.jpg,424,600
1352919.jpg,800,566
1353331.jpg,291,600
1357467.jpg,422,600
1357841.jpg,289,600
1357843.jpg,419,600
1357847.jpg,244,600
1357851.jpg,634,600
1357855.jpg,687,600
1357858.jpg,371,600
1357860.jpg,336,600
1357861.jpg,409,600
1358432.jpg,424,600
1359354.jpg,424,600
1360158.jpg,800,450
1360358.jpg,793,600
1360759.jpg,448,600
1362312.png,404,600
1362442.jpg,354,600
1363677.jpg,600,600
1364806.jpg,457,600
1364809.jpg,421,600
1365335.jpg,359,600
1365615.jpg,600,600
1365957.jpg,478,600
1366090.jpg,247,600
1366446.jpg,360,600
1366536.jpg,239,600
1366537.jpg,769,600
1368742.jpg,450,600
1368947.jpg,300,600
1369403.jpg,547,600
1369428.jpg,386,600
1369681.jpg,509,600
1371256.jpg,450,600
1371484.jpg,475,600
1371593.jpg,525,600
1371921.jpg,423,600
1372662.jpg,364,600
1372849.jpg,800,600
1373018.jpg,453,600
1373544.jpg,423,600
1373557.jpg,383,600
1373559.jpg,257,600
1375559.jpg,424,600
1376334.jpg,410,600
1376344.jpg,300,600
1377983.jpg,359,600
1377986.jpg,556,600
1379125.png,450,600
138243.jpg,400,600
1388309.jpg,471,600
1403044.jpg,800,446
1407227.jpg,344,600
1409430.jpg,429,600
1409584.jpg,467,600
1425237.jpg,467,600
1425708.jpg,632,600
1430093.jpg,242,600
1430305.jpg,307,600
1434659.jpg,360,600
1439091.jpg,530,600
144080.jpg,343,600
1441095.jpg,483,600
1441568.jpg,424,600
1441630.jpg,477,600
1442212.jpg,424,600
1445850.jpg,424,600
1450392.jpg,800,324
1454020.jpg,480,600
1456493.jpg,600,600
1457.jpg,400,600
1457156.jpg,440,600
1458076.jpg,515,600
1459067.jpg,464,600
1460391.jpg,431,600
1461416.jpg,400,600
1461871.jpg,267,600
1462436.jpg,401,600
1462704.jpg,490,600
1463412.jpg,427,600
1464882.jpg,430,600
1465496.jpg,321,600
1466176.jpg,800,566
1468647.jpg,278,600
1468714.jpg,398,600
1468747.jpg,451,600
1468767.jpg,478,600
1469353.jpg,470,600
1469950.jpg,425,600
1470242.jpg,500,450
1470243.jpg,700,467
1470259.jpg,427,600
1470742.jpg,562,600
1473910.jpg,743,600
1473915.jpg,743,600
1477796.jpg,126,600
1478770.jpg,600,600
148053.jpg,323,600
1481110.jpg,289,600
1482045.jpg,298,600
1482692.jpg,470,600
1482938.jpg,223,600
1483931.jpg,287,600
1484992.jpg,363,600
1487171.jpg,425,600
1488187.jpg,450,600
1488802.jpg,377,600
1490051.jpg,366,600
1490480.jpg,336,600
1491637.jpg,446,600
1492463.jpg,413,600
1492750.jpg,296,600
1495253.jpg,194,600
1496235.jpg,425,600
1497706.jpg,428,600
1499456.jpg,800,567
1499692.jpg,424,600
1502417.jpg,424,600
1503693.jpg,480,600
1504606.jpg,500,600
1504884.jpg,405,600
1505148.jpg,530,600
1505400.jpg,384,600
1507353.jpg,338,600
1507363.jpg,800,580
1507405.jpg,332,600
1509114.jpg,313,600
1512711.jpg,430,600
1515865.jpg,486,600
1515951.jpg,424,600
1521346.jpg,388,600
1523778.jpg,426,600
1524718.jpg,490,600
1530243.jpg,432,600
1532558.jpg,627,600
1533508.jpg,243,600
1533670.jpg,492,600
1535942.jpg,320,600
1536017.jpg,518,600
1536021.jpg,508,600
1536023.jpg,420,600
1536026.jpg,405,600
1536032.jpg,550,550
1536036.jpg,450,600
1536259.jpg,424,600
1536260.jpg,425,600
1536342.jpg,550,600
1536350.jpg,300,600
1536583.jpg,556,600
1536589.jpg,525,600
1538753.jpg,709,600
1539653.jpg,356,600
1539708.jpg,456,600
1541171.jpg,427,600
1541918.jpg,381,600
1542442.jpg,800,587
1542707.jpg,425,600
1542720.jpg,800,454
1542766.jpg,483,600
1543226.jpg,440,600
1543290.jpg,470,600
1543602.jpg,480,600
1543752.jpg,424,600
1543839.jpg,375,600
1543953.jpg,427,600
1544232.jpg,343,600
1544955.jpg,294,600
154512.jpg,450,600
1545518.jpg,450,600
1545521.jpg,685,600
1545597.jpg,302,600
1546138.jpg,326,600
1546147.jpg,424,600
1546415.jpg,343,600
1546418.jpg,450,600
1547082.jpg,387,600
1547203.jpg,404,600
1547493.jpg,519,600
1547509.jpg,600,600
1547961.jpg,400,600
1548132.jpg,424,600
1549464.jpg,416,600
1549796.jpg,291,600
1550974.jpg,430,600
1551739.jpg,404,600
1552029.jpg,366,600
1552083.jpg,648,600
1552546.jpg,580,600
1553156.jpg,424,600
1553552.jpg,280,600
1553711.jpg,375,600
1553716.jpg,346,600
1554078.jpg,800,566
1554962.jpg,360,600
1555003.jpg,424,600
1555004.jpg,800,540
1555064.jpg,400,600
1555065.jpg,400,600
1556209.jpg,400,600
1557774.jpg,450,600
1557836.jpg,480,600
1557874.jpg,800,570
1558246.jpg,425,600
1558574.jpg,464,600
1558746.jpg,600,600
1559139.jpg,506,600
1559305.jpg,480,600
1559327.jpg,410,600
1561053.jpg,247,600
1561403.jpg,400,600
1561448.jpg,424,600
1561451.jpg,424,600
1561454.jpg,424,600
1561560.jpg,800,444
1561830.jpg,450,600
1562223.jpg,500,600
1562232.jpg,500,600
1562268.jpg,315,600
1562270.jpg,423,600
1564060.jpg,425,600
1564094.jpg,750,600
156531.jpg,257,600
1565428.jpg,345,600
1565630.jpg,429,600
1565830.jpg,341,600
1566933.jpg,502,600
1567995.jpg,438,600
1570653.jpg,400,600
1571805.jpg,250,600
1572423.jpg,450,600
1572443.jpg,400,600
1572480.jpg,424,600
1573746.jpg,800,575
1575065.jpg,347,600
1575074.jpg,293,600
1575108.jpg,407,600
1575120.jpg,439,600
1575121.jpg,439,600
1575427.jpg,429,600
1575793.jpg,428,600
1575806.jpg,447,600
1576093.jpg,413,600
1576097.jpg,413,600
1577277.jpg,242,600
1577916.jpg,424,600
1578080.jpg,277,600
1578650.jpg,470,600
1578952.jpg,400,600
1580253.jpg,480,600
1580380.jpg,415,550
1580664.jpg,424,600
1581159.jpg,424,600
1581629.jpg,405,600
1581631.jpg,450,600
1581635.jpg,405,600
1581751.jpg,547,600
1582823.jpg,429,600
1583054.jpg,217,600
1583379.jpg,560,600
158380.jpg,447,600
1583924.jpg,424,600
1584194.jpg,405,600
1585146.jpg,424,600
1587518.jpg,424,600
1587866.jpg,428,600
1587871.jpg,406,600
1588256.jpg,425,600
1588453.jpg,341,600
1588465.jpg,429,600
1588586.jpg,424,600
1589313.jpg,393,600
1589483.jpg,453,600
15904.jpg,300,600
1590768.jpg,787,600
1590863.jpg,514,600
1591231.jpg,371,600
1591479.jpg,600,600
1592263.jpg,425,600
1592621.jpg,425,600
1592953.jpg,500,600
1593331.jpg,313,600
1593333.jpg,621,600
1593339.jpg,313,600
1593350.jpg,493,600
1593724.jpg,256,600
1593849.jpg,502,600
1594277.jpg,480,600
1594610.jpg,300,600
1596248.jpg,607,600
1596319.jpg,436,600
1596471.jpg,379,537
1598291.jpg,393,600
1598293.jpg,537,600
159952.jpg,395,600
1599545.jpg,521,600
1600356.jpg,772,600
1600394.jpg,605,600
16008.jpg,468,600
1601376.jpg,347,600
1602968.jpg,424,600
1603074.jpg,229,600
1603312.jpg,450,600
1603581.jpg,538,600
1604364.jpg,520,600
16049.jpg,641,600
1604933.jpg,425,600
1605066.jpg,800,450
1605412.jpg,539,600
1605419.jpg,399,600
1605868.jpg,424,600
1605942.jpg,656,600
1606258.jpg,431,600
1606511.jpg,600,600
1607234.jpg,424,600
1607693.jpg,425,600
1608060.jpg,436,600
1608767.jpg,799,600
1609363.jpg,450,600
1609876.jpg,403,600
1609879.jpg,450,600
1609952.jpg,563,600
1611051.jpg,500,600
1611357.jpg,482,600
1611541.jpg,350,500
1611543.jpg,300,400
1611548.jpg,400,600
1611555.jpg,218,600
1611751.jpg,450,600
1612476.jpg,745,600
1612481.jpg,437,600
1612832.jpg,535,389
1613162.jpg,344,600
1614028.jpg,424,600
1614107.jpg,425,600
1614158.jpg,441,600
1614237.jpg,456,600
1614309.jpg,400,600
1614328.jpg,239,600
1614634.jpg,305,600
1615222.jpg,559,600
1615608.jpg,443,600
1615964.jpg,478,600
1616036.jpg,375,600
1616056.jpg,500,600
1616058.jpg,437,600
1616059.jpg,360,600
1616165.jpg,800,430
1616256.jpg,417,600
1617185.jpg,407,600
1617260.jpg,329,600
1617262.jpg,389,600
1617427.jpg,800,361
1617429.jpg,520,494
1617466.jpg,632,585
1618144.jpg,382,600
1618706.jpg,425,600
16189.jpg,720,471
1619217.jpg,309,600
1619219.jpg,469,600
1619476.jpg,467,600
1619482.jpg,333,600
1619824.jpg,424,600
1619829.jpg,425,600
1620140.jpg,418,600
1620239.jpg,333,600
1620558.jpg,333,600
1620631.jpg,404,600
1620852.jpg,371,600
1620990.jpg,398,600
1621043.jpg,500,600
1621095.jpg,577,600
1621107.jpg,500,600
1621109.jpg,720,600
1621112.jpg,400,600
1621116.jpg,520,520
1621280.jpg,450,600
1621607.jpg,384,600
1622187.jpg,410,600
1622208.jpg,454,600
1622233.jpg,436,600
1622240.jpg,800,503
1623839.jpg,375,600
1624736.jpg,443,600
1624752.jpg,774,600
1624770.jpg,674,600
1624804.jpg,324,600
1624819.jpg,314,600
1625035.jpg,600,444
1625231.jpg,381,600
1625531.jpg,496,600
1627455.jpg,352,600
1628947.jpg,480,600
1630640.jpg,371,600
1631049.jpg,419,600
1631055.jpg,423,600
1631387.jpg,429,600
1631388.jpg,429,600
1631390.jpg,429,600
1632488.jpg,470,600
1632489.jpg,591,600
1632490.jpg,609,600
1632509.jpg,599,600
1632524.jpg,597,600
1632532.jpg,252,600
1632570.jpg,500,600
1632571.jpg,416,600
1632580.jpg,425,600
1632981.jpg,355,600
1633381.jpg,514,600
163389.jpg,600,600
1634166.jpg,500,600
1634190.jpg,800,498
1635487.jpg,469,600
1635561.jpg,424,600
1635615.jpg,376,600
1637059.jpg,800,541
1637769.jpg,264,600
1637838.jpg,363,600
1637864.jpg,430,600
1638263.jpg,259,600
1638264.jpg,289,600
1638267.jpg,273,600
1638269.jpg,326,600
1638272.jpg,450,600
1638274.jpg,334,600
1638284.jpg,472,600
1638287.jpg,329,600
1638289.jpg,264,600
1638577.jpg,450,600
1638609.jpg,427,600
1639058.jpg,282,600
1639277.jpg,420,600
1639389.jpg,466,600
1639651.jpg,528,600
1639652.jpg,800,450
1639796.jpg,450,600
1640316.jpg,799,600
1640833.jpg,423,600
1641579.jpg,450,600
1641699.jpg,421,600
1641803.jpg,375,600
1641806.jpg,335,600
1642007.jpg,260,600
1642047.jpg,686,600
1642073.jpg,450,600
1642421.jpg,400,600
1643274.jpg,418,600
1643943.jpg,399,600
1644238.jpg,590,590
1644656.jpg,338,600
1644775.jpg,366,600
1645198.jpg,620,600
1645717.jpg,307,600
1645723.jpg,514,600
1645731.jpg,449,600
1646252.jpg,430,600
1646669.jpg,365,600
1646674.jpg,365,600
1648744.jpg,464,600
1648883.jpg,415,600
1648998.jpg,391,600
1649030.jpg,512,600
1649034.jpg,378,600
1650447.jpg,336,600
1650538.jpg,368,600
1651376.jpg,480,600
1651378.jpg,501,600
1651393.jpg,387,600
1651399.jpg,303,600
1651679.jpg,333,600
1652094.jpg,466,600
1652207.jpg,506,600
1652683.jpg,386,600
1652712.jpg,404,600
1652714.jpg,404,600
1652800.jpg,483,600
1653243.jpg,288,600
1653296.jpg,390,600
1653301.jpg,400,600
1654090.jpg,479,600
1654129.jpg,424,600
1654155.jpg,297,600
1654353.jpg,426,600
1654656.jpg,382,600
1654839.jpg,424,600
1654881.jpg,464,600
1655156.jpg,277,600
1656012.jpg,630,600
1656348.jpg,426,600
1656430.jpg,455,600
1656566.jpg,400,600
1657232.jpg,500,600
1657282.jpg,567,600
1657300.jpg,569,600
1657431.jpg,450,600
1657444.jpg,455,600
1657993.jpg,405,600
1658357.jpg,388,600
1658643.jpg,393,600
1658644.jpg,399,600
1658754.jpg,424,600
1659757.jpg,414,600
1660160.jpg,487,600
1660368.jpg,260,600
1660517.jpg,721,600
1660585.jpg,800,450
1660635.jpg,424,600
1661318.jpg,287,600
1661811.jpg,376,600
1662424.jpg,450,600
1662634.jpg,271,600
1662678.jpg,375,600
1663004.jpg,400,600
1663272.jpg,414,600
1663502.jpg,425,600
1663923.jpg,424,600
1664040.jpg,467,600
1664614.jpg,470,600
1664876.jpg,255,600
1665253.jpg,733,600
1665387.jpg,600,600
1665885.jpg,376,600
1666051.jpg,800,566
1666055.jpg,551,600
1668016.jpg,609,600
1668308.jpg,424,600
1668973.jpg,623,600
1669165.jpg,307,600
1669496.jpg,425,600
1669801.jpg,429,600
1670317.jpg,424,600
1670323.jpg,425,600
1670718.jpg,421,600
1670794.jpg,425,600
1670999.jpg,360,600
1671033.jpg,555,600
1671383.jpg,338,600
1671775.jpg,424,600
1671891.png,425,600
1671954.jpg,542,600
1672069.jpg,425,600
1672097.jpg,423,600
1672233.jpg,424,600
1672614.jpg,488,600
1672699.jpg,396,600
1672798.jpg,300,600
1673098.jpg,400,550
1673105.jpg,467,600
1673109.jpg,700,527
1673147.jpg,450,600
1673151.jpg,439,600
1673193.jpg,427,600
1673250.png,388,600
1673357.jpg,593,600
1673749.jpg,353,600
1673760.jpg,448,600
1673831.jpg,558,600
1673969.jpg,360,600
1674027.jpg,745,600
1674062.jpg,800,290
1674093.jpg,286,600
1674094.jpg,577,600
1674313.jpg,360,600
1674323.jpg,233,600
1674671.jpg,429,600
1674839.png,240,600
1674842.png,353,600
1674848.jpg,405,600
1674933.jpg,300,600
1675198.jpg,292,600
1675379.jpg,424,600
16762.jpg,400,500
1677159.png,388,600
1677679.jpg,447,600
1677701.jpg,406,600
1677816.jpg,425,600
1677844.jpg,423,600
1677891.jpg,394,600
1678035.jpg,425,600
1679033.jpg,403,600
1679038.jpg,450,600
1679347.jpg,427,600
1679671.jpg,600,600
1679674.jpg,554,600
1679675.jpg,446,600
1679717.jpg,450,600
1679718.jpg,339,600
1679743.jpg,450,600
1679748.jpg,332,574
1679843.jpg,421,600
1679892.jpg,450,600
1679962.jpg,429,600
1680001.jpg,800,600
1680003.jpg,800,600
1680010.jpg,800,600
1680104.jpg,423,600
1680113.jpg,451,600
1680119.jpg,504,600
1680208.jpg,529,600
1680726.jpg,460,600
1680822.png,425,600
1680850.jpg,370,600
1681116.jpg,556,600
1681318.png,467,600
1681334.jpg,450,600
1681461.jpg,425,600
1681526.jpg,424,600
1681527.jpg,614,600
1681720.jpg,440,600
1681816.jpg,303,600
1682168.jpg,424,600
1682628.jpg,390,600
1682853.jpg,392,600
1682911.jpg,417,600
1683384.jpg,424,600
1683454.jpg,800,583
1683768.jpg,450,600
1684198.jpg,416,600
1684320.jpg,800,566
1684443.jpg,291,600
1685556.jpg,443,600
1685596.jpg,750,600
1685640.jpg,674,600
1685985.jpg,414,600
1685991.jpg,428,600
1686156.jpg,465,600
1686160.jpg,430,600
1686492.jpg,800,525
1686763.jpg,344,600
1687390.jpg,665,600
1687613.jpg,480,600
1687804.jpg,247,600
1687816.jpg,517,600
1687967.jpg,694,600
1688231.jpg,424,600
1688269.jpg,250,600
1688388.jpg,424,600
1688844.jpg,384,600
1689615.png,424,600
1689680.jpg,294,600
1689681.jpg,450,600
1689809.jpg,323,600
1690219.jpg,523,600
1690276.jpg,530,600
1690286.jpg,362,600
1690288.jpg,544,600
1690661.jpg,374,600
1691488.jpg,450,600
1691489.jpg,425,600
1691492.jpg,424,600
1692345.jpg,452,600
1692634.jpg,276,600
1692675.jpg,345,600
1693052.jpg,431,600
1693060.jpg,180,600
1693731.png,369,600
1693776.jpg,772,600
1695142.jpg,450,600
1695608.jpg,169,600
1695892.png,382,600
1696036.jpg,425,600
1696060.jpg,593,600
1696067.jpg,433,600
1696071.jpg,474,600
1696073.jpg,406,600
1696217.jpg,304,600
1696610.jpg,800,446
1696778.jpg,429,600
1697263.jpg,360,600
1697342.jpg,373,600
1697639.jpg,531,600
1697846.jpg,405,600
1697898.jpg,350,600
1697980.png,416,600
1698315.jpg,451,600
1698838.jpg,450,600
1698913.jpg,510,600
1699450.jpg,360,600
1699895.jpg,661,600
1699952.jpg,316,600
1699960.jpg,291,600
1700148.jpg,366,600
1700151.jpg,484,600
1700203.jpg,333,600
1700268.jpg,463,600
1700508.jpg,491,600
1700700.jpg,432,600
1700841.jpg,597,600
1700907.png,374,600
1700965.jpg,322,600
1701633.jpg,450,600
1702103.png,543,600
1702113.jpg,450,600
1702115.jpg,450,600
1702143.jpg,527,600
1703861.jpg,424,600
1704335.jpg,424,600
1704473.jpg,429,600
1704554.jpg,270,600
1704594.jpg,441,600
1705004.jpg,319,600
1705021.jpg,224,600
1705269.jpg,413,600
1705551.jpg,300,600
1705956.png,525,600
1706134.jpg,220,600
1706180.jpg,390,600
1706356.jpg,351,600
1706501.jpg,369,600
1706504.jpg,440,600
17068.jpg,721,600
1706844.jpg,328,600
1706845.jpg,289,600
1706846.jpg,299,600
1707065.jpg,436,600
1707578.png,193,600
1707633.jpg,277,600
1708020.jpg,375,600
1708654.jpg,303,600
1709274.jpg,240,600
1709327.jpg,550,600
1709356.jpg,400,600
1709615.jpg,270,600
1709821.jpg,424,600
1709823.jpg,424,600
1709825.jpg,424,600
1709827.jpg,424,600
1710687.jpg,198,600
1711328.jpg,261,600
1711329.jpg,224,600
1711347.jpg,660,600
1711375.jpg,460,600
1711442.jpg,447,600
1711676.jpg,461,600
1711708.jpg,428,600
1711890.jpg,424,600
1712126.jpg,450,600
1712333.png,319,600
1712731.png,414,600
1712892.jpg,600,600
1713450.jpg,223,600
1713453.jpg,233,600
1713575.jpg,375,600
1713591.png,480,600
1713828.jpg,424,600
1713873.png,223,600
1714066.jpg,379,600
1715064.jpg,264,600
1715368.jpg,264,600
1716422.jpg,428,600
1716426.jpg,292,600
1716634.jpg,388,600
1716753.jpg,421,600
1716795.jpg,774,600
1716834.png,462,600
1716839.jpg,428,600
1716840.jpg,356,600
1716842.jpg,216,600
1716846.jpg,167,600
1716881.png,284,600
1716940.png,800,463
1716979.jpg,398,600
1717314.jpg,773,600
1717415.jpg,474,600
1717417.jpg,594,600
1717502.png,419,600
1717558.jpg,215,600
1717923.jpg,422,600
1718140.jpg,203,600
1718377.jpg,425,600
1718780.jpg,498,600
1719639.jpg,346,600
1719747.jpg,424,600
1719979.png,394,600
1720002.jpg,423,600
1720101.png,315,600
1720405.png,408,600
1720641.png,436,600
1721678.jpg,398,600
1721725.jpg,424,600
1722019.jpg,289,600
1722754.jpg,234,600
1722760.jpg,205,600
1722929.jpg,333,600
1723220.jpg,325,600
1723349.png,416,600
1723808.png,427,600
1723978.jpg,424,600
1724109.jpg,429,600
1724181.jpg,388,600
1724865.jpg,429,600
1724884.jpg,324,600
1724890.jpg,276,600
1724975.jpg,363,600
1724979.jpg,353,600
1724980.jpg,303,600
1725295.png,260,600
1726099.jpg,420,600
1726258.jpg,600,600
1726415.jpg,405,600
1727011.jpg,450,600
1727380.jpg,423,600
1728339.jpg,606,600
1728341.jpg,424,600
1728370.jpg,450,600
1728391.png,624,600
1728665.jpg,429,600
1728667.jpg,530,600
1728797.jpg,350,600
1729033.jpg,376,600
172906.jpg,450,600
17293.jpg,351,600
1729786.jpg,270,600
1729817.jpg,471,600
1729900.jpg,413,600
1730296.jpg,600,600
1731710.png,300,600
1732443.png,689,600
1733123.jpg,414,600
1733457.jpg,425,600
1733458.jpg,425,600
1733462.jpg,425,600
1733463.jpg,425,600
1733470.jpg,425,600
1733476.jpg,425,600
1733477.jpg,425,600
1733479.jpg,425,600
1733480.jpg,425,600
1733483.jpg,425,600
1733490.jpg,425,600
1733493.jpg,425,600
1733505.jpg,511,600
1734161.jpg,372,600
173441.jpg,450,600
1734931.jpg,413,600
1735807.jpg,280,600
1735836.jpg,444,600
1736222.jpg,440,600
1738131.jpg,557,600
1738173.jpg,286,600
1738306.jpg,424,600
173855.jpg,367,600
1738882.jpg,424,600
1739094.png,361,600
1739099.png,337,600
1739218.jpg,424,600
1739362.jpg,371,600
1740121.jpg,318,600
1740191.jpg,374,600
1740253.jpg,420,600
1740523.jpg,400,600
1740658.jpg,600,600
1740684.png,338,600
1740691.png,316,600
1741453.png,450,600
1742917.jpg,247,600
1743448.jpg,410,600
1743512.jpg,442,600
1744365.jpg,424,600
1744518.png,398,600
1744934.png,601,600
1745316.jpg,303,600
1745786.jpg,425,600
1746516.jpg,455,600
1746523.jpg,321,600
1746632.png,570,600
1747240.png,356,600
1747388.jpg,367,600
1747430.jpg,390,600
1747600.jpg,297,600
1747961.jpg,417,600
17482.jpg,435,600
1749302.jpg,559,600
1749402.jpg,800,385
1749518.png,464,600
1749539.jpg,450,600
1749677.jpg,284,600
1749697.jpg,284,600
1749815.jpg,447,600
1750105.jpg,312,600
1750109.jpg,520,600
1750253.jpg,403,600
1750255.jpg,403,600
1750259.jpg,403,600
1750261.jpg,403,600
1750623.jpg,457,600
1750629.jpg,424,600
1750635.png,634,600
1750768.png,382,600
1750858.jpg,513,600
1751022.jpg,423,600
1751562.jpg,390,600
1751564.jpg,278,600
1751565.jpg,255,600
1751568.jpg,350,600
1751574.jpg,250,600
1751578.jpg,323,600
1751580.jpg,327,600
1751593.jpg,386,600
1751971.jpg,400,600
1751984.jpg,309,600
1751995.jpg,395,600
1752129.jpg,394,600
1752149.jpg,479,600
1752174.jpg,490,600
1752175.jpg,607,600
1752415.png,440,600
1752420.jpg,361,600
1752476.jpg,325,600
1752482.jpg,306,600
1752500.jpg,318,600
1752978.jpg,294,600
1753050.png,400,600
1753157.jpg,800,522
1753237.png,431,600
1753246.jpg,667,600
1753391.jpg,501,600
1753449.png,400,600
1753703.png,416,600
1754238.jpg,481,600
1754388.jpg,550,600
1754607.jpg,425,600
1754630.jpg,450,600
1754878.jpg,298,600
1755306.jpg,423,600
1755443.jpg,276,600
1755458.jpg,363,600
1755851.png,399,600
1755986.png,450,600
1756055.jpg,600,600
1756076.jpg,429,600
1756132.png,600,600
1756632.jpg,431,600
1756831.jpg,408,600
1757187.jpg,410,600
1757925.jpg,476,600
1758227.jpg,420,600
1758835.jpg,424,600
1759372.jpg,424,600
1759387.jpg,251,600
1759395.jpg,272,600
1759397.jpg,272,600
1759439.jpg,371,600
1759896.png,374,600
1759898.png,457,600
1759900.png,438,600
1759910.png,455,600
1760108.png,525,600
1760225.jpg,372,600
1760855.png,399,600
1760866.png,410,600
1761120.jpg,424,600
1761754.jpg,376,600
1762082.png,388,600
1762811.png,424,600
1763208.jpg,427,600
1763278.jpg,600,600
1763542.jpg,534,600
1763749.png,453,600
1763785.jpg,422,600
1764102.jpg,410,600
1764107.jpg,422,600
1764149.jpg,424,600
1764318.png,514,600
1764615.jpg,708,600
1764623.jpg,600,600
1765113.jpg,425,600
1765142.jpg,259,600
1765176.jpg,698,600
1765233.jpg,375,600
1765316.jpg,436,600
1765617.jpg,339,600
1766330.png,403,600
1766360.jpg,404,600
1766605.jpg,425,600
1766804.jpg,424,600
1766811.jpg,490,600
1766817.jpg,394,600
1766913.png,424,600
1767046.png,431,600
1767815.jpg,471,600
1767817.jpg,713,600
1767851.jpg,465,600
1767853.jpg,354,600
1767857.jpg,484,600
1768206.jpg,265,600
1768309.jpg,525,600
1768340.jpg,425,600
1768431.jpg,418,600
1768583.jpg,419,600
1768860.jpg,429,600
1768905.jpg,424,600
1768906.jpg,424,600
1768985.jpg,276,600
1769607.jpg,415,600
1769611.jpg,426,600
1769626.png,462,600
1769835.jpg,450,600
1770515.jpg,424,600
1770555.jpg,425,600
1770613.jpg,385,600
1770617.jpg,361,600
1770793.jpg,388,600
1771352.jpg,424,600
1771426.jpg,514,600
1771597.jpg,387,600
1771956.jpg,451,600
1771957.jpg,451,600
1772150.jpg,413,600
1772323.jpg,689,600
1772357.jpg,424,600
1772490.jpg,450,600
1772492.jpg,433,600
1772496.jpg,375,600
1772498.jpg,450,600
1772713.jpg,276,600
1772801.jpg,447,600
1772808.jpg,450,600
1772903.jpg,799,600
1772905.jpg,450,600
1772948.jpg,424,600
1772955.jpg,314,600
1772998.jpg,323,600
1773057.jpg,623,600
1773064.jpg,427,600
1773186.jpg,275,600
1773187.jpg,275,600
1773250.jpg,424,600
1773254.jpg,424,600
1773452.jpg,800,566
1773862.jpg,746,600
1773910.jpg,550,600
1773953.jpg,459,600
1773961.jpg,517,600
1774234.jpg,394,600
1774264.jpg,543,600
1774839.png,456,600
1774955.jpg,480,600
1775087.jpg,356,600
1775159.jpg,424,600
1775204.jpg,532,600
1775327.jpg,430,600
17756.jpg,287,600
1775753.png,600,600
1776150.jpg,516,600
1776236.jpg,488,600
1776413.jpg,428,600
1776721.jpg,417,600
1776984.jpg,507,600
1777982.jpg,416,600
1777987.jpg,381,600
1777989.jpg,438,600
1778153.jpg,467,600
1778380.jpg,800,534
1778457.jpg,321,600
1778459.jpg,351,600
177846.jpg,471,600
1778488.jpg,347,600
1779095.jpg,424,600
1779096.jpg,497,600
1779115.jpg,800,570
1779479.jpg,424,600
1779626.jpg,423,600
1779786.jpg,436,600
1779911.jpg,354,600
1780003.jpg,429,600
1780020.jpg,309,600
1780026.jpg,407,600
1780037.jpg,308,600
1780068.jpg,500,500
1780542.jpg,433,600
1780880.jpg,600,600
1781369.jpg,518,600
1781719.jpg,600,546
1781881.jpg,500,600
1782064.jpg,800,500
1782097.jpg,412,600
1782392.jpg,641,600
1782460.jpg,260,600
1782567.jpg,448,600
1782621.jpg,424,600
1783035.jpg,800,492
1783092.jpg,381,600
1783114.jpg,444,600
1783132.jpg,532,600
1783133.jpg,472,600
1783134.jpg,467,600
1783179.jpg,380,600
1783201.png,400,600
1783613.jpg,424,600
1783727.jpg,439,600
1783836.jpg,500,600
1783977.jpg,286,600
1784065.jpg,424,600
1784069.jpg,480,600
1784161.jpg,217,600
1784164.jpg,463,600
1784173.png,411,600
1784183.jpg,424,600
1784852.jpg,424,600
1784856.jpg,314,600
1785018.jpg,436,600
1785120.jpg,201,600
1785213.jpg,358,600
1785250.jpg,325,600
1785252.jpg,399,600
1785598.jpg,553,600
1785738.jpg,702,600
1785746.jpg,429,600
1785854.jpg,700,525
1785963.jpg,432,600
1786296.jpg,510,600
1786573.jpg,464,600
1786605.jpg,509,600
1786614.jpg,530,600
1786635.jpg,364,600
1786662.jpg,375,600
1786665.jpg,571,600
1786854.jpg,480,600
1786855.png,485,600
1786857.jpg,480,600
1786872.jpg,437,600
1786894.jpg,395,600
1786898.jpg,320,600
1786903.jpg,600,600
1786950.jpg,451,600
1787031.jpg,750,600
1787059.jpg,450,600
1787085.jpg,268,600
1787104.jpg,600,600
1787106.jpg,494,600
1787109.jpg,429,600
1787117.jpg,450,600
1787133.jpg,418,600
1787216.jpg,652,600
1787222.jpg,600,414
1787252.jpg,435,600
1787338.jpg,703,600
1787343.jpg,424,600
1787370.jpg,419,600
1787378.jpg,579,600
1787452.jpg,424,600
1787460.jpg,800,566
1787462.jpg,420,600
1787466.jpg,421,600
1787475.jpg,423,600
1787480.jpg,424,600
1787486.jpg,800,566
1787489.jpg,424,600
1787500.jpg,423,600
1787503.jpg,424,600
1787504.jpg,424,600
1787510.jpg,423,600
1787512.jpg,425,600
1787521.jpg,424,600
1787524.jpg,423,600
1787526.jpg,424,600
1787538.jpg,424,600
1787584.jpg,447,600
1787645.jpg,450,600
1787648.jpg,424,600
1787672.png,766,600
1787686.png,428,600
1787707.jpg,446,600
1787929.jpg,403,600
1788017.jpg,600,600
1788127.jpg,517,600
1788129.jpg,509,600
1788520.jpg,510,600
1788690.jpg,423,600
1789118.jpg,409,600
1789125.jpg,381,600
1789134.jpg,406,600
1789142.jpg,392,600
1789149.jpg,421,600
1789300.jpg,800,568
1789669.jpg,590,600
1789674.jpg,440,600
1789819.jpg,425,600
1789835.jpg,573,600
1789870.jpg,800,583
1789913.jpg,773,600
1789921.jpg,208,600
1789989.jpg,435,600
1790004.jpg,424,600
1790494.jpg,439,600
1790545.jpg,306,600
179059.jpg,402,600
1791029.jpg,600,600
1791453.jpg,425,600
1791573.jpg,423,600
1791983.png,300,600
1792072.jpg,441,600
1792088.png,426,600
1792092.png,426,600
1792096.png,426,600
1792163.jpg,405,600
1792166.jpg,405,600
1792217.jpg,329,600
1792219.jpg,370,600
1792402.jpg,480,600
1792661.jpg,420,600
1792663.jpg,424,600
1792691.png,423,600
1792735.jpg,423,600
1792794.jpg,424,600
1792878.jpg,441,600
1792922.jpg,424,600
1792927.png,578,600
1792952.jpg,495,600
1792972.jpg,462,600
1792973.jpg,500,600
1792974.jpg,486,600
1793006.jpg,446,600
1793033.jpg,600,600
1793061.jpg,642,600
1793152.jpg,360,600
1793155.jpg,333,600
1793163.png,690,600
1793183.jpg,446,600
1793189.jpg,459,600
1793196.jpg,609,600
1793202.jpg,422,600
1793203.jpg,415,600
1793204.jpg,459,600
1793209.jpg,450,600
1793320.jpg,424,600
1793381.jpg,600,600
1793382.png,370,600
1793484.jpg,424,600
1793574.jpg,424,600
1793602.jpg,395,600
1793674.jpg,395,600
1793676.jpg,395,600
1793679.jpg,395,600
1793684.jpg,395,600
1793787.jpg,446,600
1793815.jpg,425,600
1793932.jpg,376,600
1794036.jpg,428,600
1794082.jpg,600,600
1794105.png,425,600
1794124.png,423,600
1794318.jpg,440,600
1794792.jpg,424,600
1795024.jpg,400,600
1795182.png,424,600
1795557.png,420,600
1795708.jpg,414,600
1795709.jpg,520,600
1795825.jpg,600,600
1796086.jpg,450,600
1796200.png,460,600
1796253.jpg,355,600
1796263.jpg,522,600
1796294.jpg,424,600
1796296.png,480,600
1796418.jpg,212,600
1796641.png,424,600
1796661.jpg,342,600
1796981.jpg,557,600
1797020.jpg,423,600
1797123.jpg,600,600
1797178.jpg,382,600
1797197.jpg,373,600
1797604.jpg,424,600
1797610.jpg,464,600
1797619.jpg,800,450
1797672.jpg,420,600
1797758.jpg,429,600
1797785.jpg,375,600
1797793.png,500,600
1797815.png,629,600
1797842.jpg,267,600
1797870.jpg,499,600
1797892.jpg,417,600
1797991.jpg,483,600
1798072.jpg,425,600
1798081.jpg,348,600
1798100.png,631,600
1798106.png,300,600
1798118.jpg,642,600
1798129.jpg,499,600
1798145.jpg,425,600
1798147.jpg,370,600
1798188.jpg,450,600
1798202.jpg,424,600
1798255.jpg,424,600
1798267.png,415,600
1798490.jpg,409,600
1798498.png,450,600
1798524.jpg,375,600
1798563.jpg,431,600
1798573.jpg,424,600
1798630.png,390,600
1798652.jpg,489,600
1798670.png,419,600
1798802.jpg,352,600
1799040.jpg,450,600
1799075.png,424,600
1799171.jpg,469,600
1799294.jpg,255,600
1799592.jpg,425,600
1800199.jpg,424,600
1800290.jpg,421,600
1800626.jpg,569,600
1800928.jpg,429,600
1800934.jpg,375,600
1801076.jpg,424,600
1801260.jpg,424,600
1801269.jpg,250,600
1801270.jpg,250,600
1801271.jpg,250,600
1801524.jpg,271,600
1801528.jpg,271,600
1801544.jpg,363,600
1801786.jpg,393,600
1801806.jpg,412,600
1801809.png,333,600
1801986.jpg,389,600
1801998.jpg,646,600
1801999.png,375,600
1802010.jpg,400,600
1802134.png,313,600
1802252.png,334,600
1802676.png,424,600
1803156.png,419,600
1803160.png,393,600
1803521.jpg,287,600
1803635.jpg,319,600
1804270.jpg,415,600
1804301.jpg,425,600
1804826.png,425,600
1804844.png,510,600
1804976.jpg,258,600
1806007.jpg,424,600
1806010.jpg,424,600
1806020.jpg,450,600
1806609.png,286,600
1807107.png,450,600
1807184.png,407,600
1807673.png,500,600
1810172.png,482,600
1810946.png,425,600
1811355.jpg,287,600
1811530.png,414,600
1811533.png,375,600
1811862.png,424,600
1813663.png,429,600
1813806.jpg,400,600
1813971.png,282,600
1814371.png,552,600
1814550.png,379,600
1814634.png,482,600
1814639.jpg,257,600
1814647.png,394,600
1814766.jpg,394,600
1816767.png,345,600
1817044.jpg,405,600
1817061.jpg,330,600
1817116.png,425,600
1817551.png,405,600
1817932.png,367,600
1817934.png,388,600
1818572.png,450,600
1819558.png,508,600
1819824.png,750,600
1821649.png,424,600
1823295.png,206,600
1824092.png,424,600
1824488.png,800,552
1825009.png,424,600
1825390.png,407,600
1826032.png,450,600
1826036.png,576,600
1826068.png,307,600
1826828.png,424,600
1827367.png,436,600
1828021.png,446,600
1828024.png,428,600
1828825.png,300,600
1829419.png,451,600
1829491.png,420,600
1829541.png,404,600
1829630.png,392,600
1830801.png,370,600
1831824.png,450,600
1831925.png,600,600
1834744.png,342,600
1835224.png,451,600
1836149.jpg,414,600
1837008.png,429,600
1837028.png,424,600
1837894.png,400,600
1838165.png,424,600
1839381.png,429,600
1839946.png,258,600
1839948.png,305,600
1839972.png,375,600
1839974.png,327,600
1839975.png,383,600
1840935.png,492,600
1841202.png,479,600
1841208.png,446,600
1841750.png,449,600
1842122.png,336,600
1842173.png,450,600
1842198.png,450,600
1842506.png,424,600
1842539.png,588,600
1842816.png,329,600
1842987.png,592,600
1843488.png,430,600
1843842.png,424,600
1844436.png,424,600
1844447.png,641,600
1844502.png,429,600
1844525.png,420,600
1844564.png,297,479
1844643.png,381,600
1844646.png,545,600
1844887.png,525,600
1845112.png,334,600
1845131.png,800,566
1845793.png,423,600
1845801.png,514,600
1845804.png,415,600
1845813.png,312,600
1845815.png,315,600
1845820.png,402,600
1845822.png,389,546
1846517.png,501,600
1846555.png,428,600
1846604.png,424,600
1846898.png,472,600
1847041.png,424,600
1847512.png,267,600
1847615.png,425,600
1847923.png,329,600
1848104.png,800,548
1848355.png,224,600
1849120.png,400,600
1849857.png,325,600
1850387.png,371,600
1850566.png,330,600
1850571.png,371,600
1850584.png,323,600
1850917.png,424,600
1850918.png,424,600
1850921.png,446,600
1850929.png,424,600
1851049.png,388,600
1851107.png,374,600
1851113.png,424,600
1851128.png,750,600
1851835.png,425,600
1851845.png,424,600
1851848.png,465,600
1852663.png,525,600
1853419.png,379,600
1854055.png,445,600
1854115.png,424,600
1854144.png,382,600
1854207.png,424,600
1854327.png,487,600
1854465.png,386,600
1854472.png,352,600
1855249.png,424,600
1855295.png,346,600
1857367.png,450,600
1857681.png,471,600
1857684.png,440,600
1857687.png,462,600
1857692.png,411,600
1857694.png,429,600
1857698.png,495,600
1858327.png,355,600
1858810.png,392,600
1858959.png,332,600
1859185.png,365,600
1859197.jpg,590,600
1859294.png,482,600
1859656.png,540,600
1860214.jpg,367,600
1860217.png,420,600
1860219.png,376,600
1860241.png,321,600
1860286.png,333,600
1860327.jpg,303,600
1860330.png,183,600
1860637.png,386,600
1860898.jpg,262,600
1861943.png,415,600
1862121.png,297,600
1862788.png,419,600
1862919.png,600,600
1863413.png,400,600
1863768.png,451,600
1863862.png,521,600
1864213.png,183,600
1865123.png,472,600
1865349.png,424,600
1865414.png,338,600
1865456.png,415,600
1865718.png,424,600
1866126.png,602,600
1866145.png,300,600
1866370.png,392,600
1866861.png,419,600
1866943.png,425,600
1867451.png,392,600
1867482.png,420,600
1868701.png,424,600
1868815.png,180,600
1869379.png,800,534
1870253.png,471,600
1871023.png,423,600
1871246.png,488,591
1871248.png,405,600
1871257.png,288,600
1871259.png,247,600
1871264.png,444,600
1871267.png,459,556
1871270.png,440,562
1871274.png,323,504
1871299.png,281,600
1871300.png,353,600
1871302.png,353,600
1871325.png,292,600
1871381.png,425,600
1871776.png,333,600
1871929.png,800,560
1872993.png,343,600
1873018.png,375,600
1873152.png,475,600
1873495.png,373,600
1873575.png,425,600
1873635.png,314,600
1873723.png,398,600
1874011.png,273,600
1874669.png,340,600
1874686.png,450,600
1876081.png,424,600
1876397.png,478,600
1876428.png,424,600
1877162.png,392,600
1877236.png,350,600
1877302.png,203,600
1877305.png,212,600
1878078.png,500,600
1878239.png,500,600
1878420.png,480,600
1878902.png,429,600
1878946.png,400,600
1879391.png,424,600
1880155.png,334,600
1880179.png,449,600
1880664.png,483,600
1881489.png,398,600
1882253.png,323,600
1883240.png,235,600
1883251.png,530,600
1883690.png,375,600
1883801.png,445,600
1884079.png,423,600
1884378.png,321,600
222367.png,403,600
229363.jpg,375,600
252771.png,800,318
26824.png,240,600
339645.png,424,600
358534.png,424,600
378914.png,800,535
380558.png,480,600
528717.png,458,600
588646.png,600,600
597575.png,600,600
598600.png,600,600
599574.png,600,600
605084.png,500,600
63567.png,318,600
793715.png,459,600
832690.png,400,600
874083.png,454,600
918976.png,450,600
927163.png,375,600
947179.png,576,600
974567.png,360,600
974988.png,424,600
975051.png,473,600
984928.png,600,600
991428.png,440,600
991984.png,360,600
994026.png,301,600
998056.png,319,600
